id,first_name,last_name,email,vehicle
1,Lavinia,Mouncher,lmouncher0@wikipedia.org,Volvo
2,Keane,Danher,kdanher1@slideshare.net,Ford
3,Andeee,Dacke,adacke2@cdc.gov,Jeep
4,Delcine,Landis,dlandis3@devhub.com,Cadillac
5,Merwin,Falkinder,mfalkinder4@newsvine.com,BMW
6,Fair,Cornelleau,fcornelleau5@prweb.com,Land Rover
7,Adela,Bugdell,abugdell6@japanpost.jp,Chevrolet
8,Jada,Lunck,jlunck7@altervista.org,Hyundai
9,Caitlin,Skayman,cskayman8@constantcontact.com,Volkswagen
10,Garv,Crawley,gcrawley9@yandex.ru,Chevrolet
11,Karlyn,Elvey,kelveya@who.int,Volvo
12,Omero,Seago,oseagob@ft.com,Ford
13,Aron,Burfield,aburfieldc@surveymonkey.com,Mitsubishi
14,Rafaellle,Runchman,rrunchmand@tripadvisor.com,Buick
15,Corty,McDarmid,cmcdarmide@yandex.ru,Mazda
16,Cecilia,Volonte,cvolontef@mashable.com,Ford
17,Vin,Laddle,vladdleg@amazon.de,Maserati
18,Tessy,Maxwaile,tmaxwaileh@etsy.com,Buick
19,Viki,Headly,vheadlyi@shareasale.com,Dodge
20,Brandy,Fearnside,bfearnsidej@scribd.com,Ford
21,Sylvia,Havelin,shavelink@mail.ru,Mazda
22,Hashim,Langland,hlanglandl@reuters.com,Volkswagen
23,Rozelle,Winstanley,rwinstanleym@wsj.com,Jeep
24,Daisi,Oseland,doselandn@chron.com,Hyundai
25,Karlie,Weond,kweondo@flavors.me,Buick
26,Ephrem,Hawket,ehawketp@wikimedia.org,Porsche
27,Zaneta,Foynes,zfoynesq@arizona.edu,Nissan
28,Kathryn,Fassan,kfassanr@washington.edu,Kia
29,Paxton,Beyne,pbeynes@hc360.com,Aston Martin
30,Daron,Havenhand,dhavenhandt@opera.com,Porsche
31,Babbette,Kelshaw,bkelshawu@goodreads.com,Chrysler
32,Ugo,Laister,ulaisterv@toplist.cz,Audi
33,Celesta,Goodliff,cgoodliffw@ted.com,Suzuki
34,Valida,Duthie,vduthiex@plala.or.jp,Volvo
35,Hedda,Hartright,hhartrighty@senate.gov,Mitsubishi
36,Dory,Demangeot,ddemangeotz@smh.com.au,Mercedes-Benz
37,Merell,Delue,mdelue10@a8.net,Mercedes-Benz
38,Jeannette,McQuillan,jmcquillan11@miitbeian.gov.cn,Jaguar
39,Sherm,Callar,scallar12@craigslist.org,Mazda
40,Johnathon,Kynaston,jkynaston13@cnbc.com,Land Rover
41,Fowler,Boman,fboman14@ihg.com,Ford
42,Hamlen,Baitman,hbaitman15@g.co,Acura
43,Taite,Loyd,tloyd16@seattletimes.com,Audi
44,Carry,Moyes,cmoyes17@google.cn,Saturn
45,Cirstoforo,Covington,ccovington18@uiuc.edu,Hyundai
46,Corry,Luetkemeyer,cluetkemeyer19@wikimedia.org,Buick
47,Cecilio,Birkmyr,cbirkmyr1a@economist.com,GMC
48,Ira,Hazeup,ihazeup1b@imdb.com,Infiniti
49,Stanleigh,Fogarty,sfogarty1c@virginia.edu,Lexus
50,Hendrika,Verrill,hverrill1d@unc.edu,Infiniti
51,Arnaldo,Sawden,asawden1e@free.fr,Audi
52,Cynthy,Guerrieri,cguerrieri1f@cbc.ca,Chrysler
53,Torrin,Suff,tsuff1g@deviantart.com,Chevrolet
54,Anstice,Orr,aorr1h@salon.com,Lexus
55,Ludovico,Berrey,lberrey1i@nytimes.com,Chrysler
56,Averyl,Tembridge,atembridge1j@chicagotribune.com,Mercury
57,Henrieta,Coffin,hcoffin1k@timesonline.co.uk,Chevrolet
58,Artemas,Biskupski,abiskupski1l@pbs.org,Mitsubishi
59,Julee,Wallworth,jwallworth1m@economist.com,Lotus
60,Jefferson,Iwaszkiewicz,jiwaszkiewicz1n@upenn.edu,Buick
61,Margarete,LAbbet,mlabbet1o@webmd.com,Volvo
62,Brewer,Buttrum,bbuttrum1p@home.pl,Mitsubishi
63,Coleen,Hawtrey,chawtrey1q@google.co.uk,Ford
64,Dee dee,Adelberg,dadelberg1r@hexun.com,Chevrolet
65,Dian,Alleyne,dalleyne1s@dyndns.org,Dodge
66,Koralle,Haycock,khaycock1t@w3.org,Smart
67,Trina,Smethurst,tsmethurst1u@ft.com,GMC
68,Marlow,Perulli,mperulli1v@wisc.edu,Nissan
69,Maurie,Copestick,mcopestick1w@typepad.com,Volkswagen
70,Grange,Fairholm,gfairholm1x@eepurl.com,Chrysler
71,Xenos,Dodridge,xdodridge1y@flavors.me,Mercedes-Benz
72,Mateo,Haycock,mhaycock1z@dmoz.org,Infiniti
73,Sauveur,Wrankmore,swrankmore20@list-manage.com,Cadillac
74,Torey,Poppy,tpoppy21@surveymonkey.com,Honda
75,Selena,Bampforth,sbampforth22@amazon.co.jp,BMW
76,Webster,Ody,wody23@yahoo.com,Pontiac
77,Arlin,Staff,astaff24@friendfeed.com,Volvo
78,Dasya,Garmons,dgarmons25@state.gov,Chevrolet
79,Ashley,Burry,aburry26@trellian.com,Lexus
80,Emily,Schops,eschops27@dropbox.com,Honda
81,Rosina,Karpol,rkarpol28@gravatar.com,Ford
82,Farrell,Corderoy,fcorderoy29@sitemeter.com,Jaguar
83,Bernita,Di Maria,bdimaria2a@homestead.com,Kia
84,Marina,Fedder,mfedder2b@deliciousdays.com,Austin
85,Myrtice,Echallie,mechallie2c@skyrock.com,Mercury
86,Graehme,Lamberton,glamberton2d@wix.com,Hyundai
87,Noak,Bott,nbott2e@fotki.com,Buick
88,Drugi,Gilstoun,dgilstoun2f@blinklist.com,Chevrolet
89,Aeriela,Cardis,acardis2g@irs.gov,Pontiac
90,Kania,Rieme,krieme2h@buzzfeed.com,Chevrolet
91,Donovan,Whitelaw,dwhitelaw2i@phpbb.com,Jeep
92,Ram,Duthy,rduthy2j@comsenz.com,Pontiac
93,Mackenzie,Refford,mrefford2k@chron.com,Volkswagen
94,Minna,Laying,mlaying2l@networkadvertising.org,Mazda
95,Raven,Dalgety,rdalgety2m@narod.ru,Isuzu
96,Lidia,Flahy,lflahy2n@indiatimes.com,Mercury
97,Miltie,Demko,mdemko2o@boston.com,Mitsubishi
98,Gill,Quinion,gquinion2p@google.de,Scion
99,Alvie,Whyborn,awhyborn2q@gravatar.com,Ford
100,Anjanette,Rosenbush,arosenbush2r@fda.gov,Ford
101,Marysa,Hankard,mhankard2s@arstechnica.com,Chevrolet
102,Celene,Hanniger,channiger2t@oakley.com,Pontiac
103,Bobette,McGilvray,bmcgilvray2u@noaa.gov,Toyota
104,Gina,Hulbert,ghulbert2v@com.com,Kia
105,Bearnard,Franciottoi,bfranciottoi2w@wsj.com,BMW
106,Willard,Hairsine,whairsine2x@meetup.com,Lincoln
107,Elora,Dionisio,edionisio2y@narod.ru,Volkswagen
108,Roarke,Mahomet,rmahomet2z@over-blog.com,Toyota
109,Katuscha,Conkie,kconkie30@salon.com,Mitsubishi
110,Lowe,Abrehart,labrehart31@smh.com.au,Mazda
111,Prudy,Lembke,plembke32@adobe.com,MINI
112,Mirilla,Fry,mfry33@marketwatch.com,Nissan
113,Noellyn,Ashingden,nashingden34@shop-pro.jp,Merkur
114,Orland,Lowmass,olowmass35@ebay.co.uk,Chevrolet
115,Fern,Scallon,fscallon36@macromedia.com,Hyundai
116,Giffie,Faccini,gfaccini37@google.com.br,Daewoo
117,Roldan,Croci,rcroci38@wikispaces.com,Mercedes-Benz
118,Lizzy,Polland,lpolland39@1688.com,Toyota
119,Noami,Easey,neasey3a@plala.or.jp,Subaru
120,Stefan,Valler,svaller3b@yandex.ru,Plymouth
121,Candice,MacGilmartin,cmacgilmartin3c@newyorker.com,Ford
122,Rozella,Griffin,rgriffin3d@feedburner.com,GMC
123,Roxie,Surgeoner,rsurgeoner3e@utexas.edu,Honda
124,Emmalynne,Hornig,ehornig3f@cafepress.com,Ford
125,Gregorius,Lilley,glilley3g@bravesites.com,Lincoln
126,Ofella,Cuss,ocuss3h@telegraph.co.uk,Toyota
127,Daron,Beszant,dbeszant3i@friendfeed.com,Buick
128,Nance,Lunck,nlunck3j@fema.gov,Maybach
129,Omero,Harlin,oharlin3k@squidoo.com,Ford
130,Kristyn,Gaddie,kgaddie3l@comcast.net,Nissan
131,Mathias,Tixier,mtixier3m@washingtonpost.com,Mazda
132,Abe,Konneke,akonneke3n@i2i.jp,Subaru
133,Antonia,Honig,ahonig3o@sciencedaily.com,Mitsubishi
134,Noble,Djurisic,ndjurisic3p@thetimes.co.uk,Dodge
135,Candra,Nielson,cnielson3q@taobao.com,Subaru
136,Lynett,Ball,lball3r@github.com,Mercedes-Benz
137,Dukie,Harflete,dharflete3s@fda.gov,Mercedes-Benz
138,Chris,Noad,cnoad3t@pagesperso-orange.fr,Mercury
139,Jonah,Labone,jlabone3u@ibm.com,Dodge
140,Lettie,Goneau,lgoneau3v@who.int,Ford
141,Diandra,Rayhill,drayhill3w@wordpress.org,Kia
142,Isahella,Kinkead,ikinkead3x@irs.gov,Cadillac
143,Romonda,Durran,rdurran3y@ed.gov,Audi
144,Ashbey,Manns,amanns3z@wordpress.org,Kia
145,Misty,Rannald,mrannald40@friendfeed.com,Lincoln
146,Krysta,Schole,kschole41@harvard.edu,Chevrolet
147,Linette,Kuhnke,lkuhnke42@jimdo.com,Volkswagen
148,Basia,Crippill,bcrippill43@cbc.ca,Volkswagen
149,Roddy,Molfino,rmolfino44@macromedia.com,Chevrolet
150,Doe,Medlin,dmedlin45@mysql.com,Mercedes-Benz
151,Wyatt,Wrate,wwrate46@blogspot.com,Mercedes-Benz
152,Baxie,Daines,bdaines47@google.com.hk,Toyota
153,Mitchael,Carnock,mcarnock48@mapquest.com,Pontiac
154,Isaak,Guwer,iguwer49@google.ru,BMW
155,Carmelina,Streatley,cstreatley4a@time.com,Toyota
156,Wyatt,Jouanet,wjouanet4b@yandex.ru,Maserati
157,Sherill,Stringman,sstringman4c@shareasale.com,Mazda
158,Hermann,Lortz,hlortz4d@skyrock.com,Oldsmobile
159,Hayden,Halfacre,hhalfacre4e@google.com.br,Mitsubishi
160,Rafaello,Biasio,rbiasio4f@biblegateway.com,Subaru
161,Thorndike,Romaines,tromaines4g@wikia.com,Maybach
162,Jess,Newbatt,jnewbatt4h@studiopress.com,Ford
163,Danell,Titchen,dtitchen4i@alexa.com,Cadillac
164,Mercie,Aprahamian,maprahamian4j@springer.com,Audi
165,Emilee,Oneil,eoneil4k@hud.gov,Ford
166,Marjory,Purkins,mpurkins4l@addthis.com,Honda
167,Jessalyn,Stiff,jstiff4m@noaa.gov,Land Rover
168,Lana,McSherry,lmcsherry4n@europa.eu,Buick
169,Albie,Shutle,ashutle4o@livejournal.com,Isuzu
170,Suzie,Hallex,shallex4p@illinois.edu,Chrysler
171,Milo,Bryns,mbryns4q@java.com,Saab
172,Cissy,Trout,ctrout4r@tuttocitta.it,Dodge
173,Karyn,Brokenshaw,kbrokenshaw4s@smugmug.com,Nissan
174,Hannie,Brik,hbrik4t@yahoo.co.jp,Honda
175,Clareta,Jankiewicz,cjankiewicz4u@va.gov,Mitsubishi
176,Aubrette,Kowal,akowal4v@blogspot.com,Acura
177,Clevie,Lerhinan,clerhinan4w@usa.gov,Volkswagen
178,Legra,Dockrell,ldockrell4x@samsung.com,Chevrolet
179,Delly,Peltz,dpeltz4y@symantec.com,Buick
180,Gardie,Heys,gheys4z@imdb.com,Hummer
181,Eustace,Roast,eroast50@woothemes.com,Audi
182,Florry,Trewhitt,ftrewhitt51@vistaprint.com,Dodge
183,Hilda,Clayworth,hclayworth52@360.cn,Porsche
184,Damaris,McComiskey,dmccomiskey53@taobao.com,Volvo
185,Sylvan,Gally,sgally54@bing.com,Aston Martin
186,Eliza,Roderham,eroderham55@zimbio.com,Mitsubishi
187,Philippe,Morhall,pmorhall56@taobao.com,Suzuki
188,Glori,O'Tierney,gotierney57@cnbc.com,Plymouth
189,Ingaborg,Kliemke,ikliemke58@msu.edu,Cadillac
190,Arel,Hopkyns,ahopkyns59@hp.com,Chevrolet
191,Freida,Benasik,fbenasik5a@businesswire.com,Mitsubishi
192,Bethanne,Lavis,blavis5b@vimeo.com,Mazda
193,Wilburt,Missenden,wmissenden5c@imgur.com,Nissan
194,Bert,Knott,bknott5d@wsj.com,Isuzu
195,Darda,Hargerie,dhargerie5e@bing.com,Mitsubishi
196,Klaus,Dradey,kdradey5f@topsy.com,Toyota
197,Sarina,Deares,sdeares5g@com.com,Dodge
198,Fania,Mochan,fmochan5h@ucsd.edu,Geo
199,Huberto,Van der Hoeven,hvanderhoeven5i@com.com,Ford
200,Jerrilee,Alpine,jalpine5j@independent.co.uk,Chrysler
201,Odell,Clemmitt,oclemmitt5k@cafepress.com,Buick
202,Sande,de Guise,sdeguise5l@theguardian.com,Volvo
203,Emalee,Stringfellow,estringfellow5m@storify.com,Porsche
204,Deeanne,Bethune,dbethune5n@gmpg.org,Volvo
205,Randy,Kynston,rkynston5o@photobucket.com,Dodge
206,Lonnie,Fogden,lfogden5p@cbsnews.com,Pontiac
207,Delainey,Crowden,dcrowden5q@1und1.de,Pontiac
208,Gerard,Creer,gcreer5r@cocolog-nifty.com,Pontiac
209,Vanni,Zimmerman,vzimmerman5s@typepad.com,Chevrolet
210,Rebe,Gilyatt,rgilyatt5t@ihg.com,Lincoln
211,Shirleen,Davis,sdavis5u@netlog.com,Saturn
212,Kacie,Frackiewicz,kfrackiewicz5v@baidu.com,BMW
213,Mallissa,Rewcassell,mrewcassell5w@slideshare.net,GMC
214,Renie,Esome,resome5x@paypal.com,Mercury
215,Chanda,Bunyard,cbunyard5y@newyorker.com,Lexus
216,Barnett,De Bell,bdebell5z@creativecommons.org,Chevrolet
217,Chrysa,Pinkerton,cpinkerton60@bluehost.com,Ford
218,Portie,Clemmitt,pclemmitt61@godaddy.com,Acura
219,Sharron,Mourant,smourant62@1688.com,Ford
220,Alberik,MacLice,amaclice63@squarespace.com,Toyota
221,Ringo,Spurden,rspurden64@disqus.com,Honda
222,Lexie,Mitchinson,lmitchinson65@g.co,Ford
223,Carolyne,Castan,ccastan66@yolasite.com,Buick
224,Alfy,Drummond,adrummond67@amazonaws.com,Kia
225,Tiphani,Pendleberry,tpendleberry68@globo.com,Infiniti
226,Erika,Keble,ekeble69@livejournal.com,Jeep
227,Penni,McClinton,pmcclinton6a@pbs.org,Volkswagen
228,Jedidiah,Seaton,jseaton6b@chron.com,Honda
229,Gaynor,Emma,gemma6c@fastcompany.com,GMC
230,Benjamen,Gouldie,bgouldie6d@hp.com,Chevrolet
231,Reinwald,Antrobus,rantrobus6e@miitbeian.gov.cn,Volkswagen
232,Delly,Jodrellec,djodrellec6f@yolasite.com,Lexus
233,Jacklin,Bischop,jbischop6g@slideshare.net,Lexus
234,Aurilia,Hurler,ahurler6h@tamu.edu,Lincoln
235,Fabio,Vandrill,fvandrill6i@nyu.edu,Toyota
236,David,Pickthorne,dpickthorne6j@rediff.com,Rolls-Royce
237,Laetitia,Ellor,lellor6k@webnode.com,Kia
238,Shepherd,Sharma,ssharma6l@hugedomains.com,Mazda
239,Kai,Kellog,kkellog6m@census.gov,Volkswagen
240,Wanids,Fiorentino,wfiorentino6n@state.tx.us,Ford
241,Shurlocke,Trevain,strevain6o@ehow.com,Dodge
242,Giuditta,Berceros,gberceros6p@geocities.jp,Volkswagen
243,Raven,Crowest,rcrowest6q@amazon.co.uk,Volvo
244,Colet,Mordy,cmordy6r@jimdo.com,Mazda
245,Codee,Winscom,cwinscom6s@gravatar.com,Land Rover
246,Cosette,Eite,ceite6t@bravesites.com,Hyundai
247,Margarita,Rawlins,mrawlins6u@marketwatch.com,Infiniti
248,Phyllis,Thorogood,pthorogood6v@buzzfeed.com,Cadillac
249,Paulina,Lugden,plugden6w@uol.com.br,Lamborghini
250,Devin,Sharpus,dsharpus6x@desdev.cn,Cadillac
251,Rosita,Beadnall,rbeadnall6y@wikipedia.org,Volvo
252,Derby,Cray,dcray6z@fda.gov,Mercedes-Benz
253,Elita,Minger,eminger70@hostgator.com,Hyundai
254,Filmore,Bayliss,fbayliss71@infoseek.co.jp,Suzuki
255,Carmen,Bailiss,cbailiss72@netlog.com,Suzuki
256,Randall,Brasner,rbrasner73@slashdot.org,MINI
257,Seymour,Chaise,schaise74@bloomberg.com,Mazda
258,Christiane,Daelman,cdaelman75@prlog.org,Toyota
259,Penni,Cord,pcord76@4shared.com,Jeep
260,Gerome,Semrad,gsemrad77@adobe.com,Hyundai
261,Zelda,Glowacz,zglowacz78@adobe.com,Honda
262,Annamaria,Goodlad,agoodlad79@behance.net,Audi
263,Karleen,Forsyde,kforsyde7a@blogspot.com,Subaru
264,Daveta,Dighton,ddighton7b@umich.edu,GMC
265,Stacy,Rickwood,srickwood7c@statcounter.com,Dodge
266,Lucienne,Ney,lney7d@soundcloud.com,Buick
267,Homere,Faussett,hfaussett7e@desdev.cn,Isuzu
268,Stanly,Brantl,sbrantl7f@taobao.com,Audi
269,Shalne,Gorrick,sgorrick7g@nhs.uk,Subaru
270,Gelya,Pavlovic,gpavlovic7h@geocities.com,Dodge
271,Kliment,Endon,kendon7i@uiuc.edu,Mazda
272,Julianna,Kohter,jkohter7j@ftc.gov,Mitsubishi
273,Sigismund,Frany,sfrany7k@friendfeed.com,Dodge
274,Abie,Fabler,afabler7l@blogs.com,Ford
275,Stefanie,Eake,seake7m@altervista.org,Dodge
276,Phillipp,Sommersett,psommersett7n@nbcnews.com,Mercedes-Benz
277,Jorgan,Paulsen,jpaulsen7o@irs.gov,Porsche
278,Monika,Else,melse7p@pcworld.com,Volkswagen
279,Hatty,Fahey,hfahey7q@rambler.ru,Mitsubishi
280,Bronnie,Phillps,bphillps7r@princeton.edu,GMC
281,Wallache,Elie,welie7s@vk.com,Mitsubishi
282,Netty,Brind,nbrind7t@cdc.gov,Volkswagen
283,Elwira,Christophe,echristophe7u@yahoo.co.jp,Cadillac
284,Alfons,Lewens,alewens7v@chicagotribune.com,Land Rover
285,Christoph,Beasley,cbeasley7w@yellowbook.com,Hyundai
286,Carlyle,Eastham,ceastham7x@reuters.com,Suzuki
287,Fee,Burdge,fburdge7y@alibaba.com,Volvo
288,Darcey,Bolsteridge,dbolsteridge7z@springer.com,Buick
289,Pearla,Canet,pcanet80@marketwatch.com,Plymouth
290,Lexine,Mallabone,lmallabone81@nasa.gov,Cadillac
291,Lanna,Kinforth,lkinforth82@geocities.com,Volkswagen
292,Therine,Raffels,traffels83@smh.com.au,Mazda
293,Baxie,Sell,bsell84@usnews.com,Chrysler
294,Carree,Batchelor,cbatchelor85@umn.edu,Chevrolet
295,Alejoa,Decent,adecent86@blogspot.com,Mercedes-Benz
296,Lissy,Londsdale,llondsdale87@tumblr.com,Maserati
297,Estelle,Cartman,ecartman88@cnbc.com,Chevrolet
298,Kerwinn,Feragh,kferagh89@webmd.com,Volkswagen
299,Gertrude,Dansie,gdansie8a@dailymail.co.uk,Chrysler
300,Rochell,Dunkerly,rdunkerly8b@biblegateway.com,Mitsubishi
301,Adoree,Marin,amarin8c@about.me,Volkswagen
302,Jayne,Stoeckle,jstoeckle8d@uiuc.edu,Dodge
303,Stanton,Brideoke,sbrideoke8e@deviantart.com,Ford
304,Lotty,Gajownik,lgajownik8f@netvibes.com,Chrysler
305,Lolita,Zincke,lzincke8g@bravesites.com,Ford
306,Ezra,Lowndsborough,elowndsborough8h@ox.ac.uk,Aston Martin
307,Joann,Tobin,jtobin8i@naver.com,GMC
308,Powell,Yatman,pyatman8j@baidu.com,Subaru
309,Urbano,Kerner,ukerner8k@purevolume.com,Volvo
310,Grannie,Stansell,gstansell8l@jugem.jp,Chevrolet
311,Annie,Bollini,abollini8m@gravatar.com,Porsche
312,Quintina,Furze,qfurze8n@google.ca,Pontiac
313,Leisha,Wimp,lwimp8o@51.la,GMC
314,Nahum,Housecroft,nhousecroft8p@biblegateway.com,Chevrolet
315,Bartolomeo,Gawler,bgawler8q@spiegel.de,Ford
316,Augy,Gilvear,agilvear8r@issuu.com,Mazda
317,Brander,Camilio,bcamilio8s@angelfire.com,Mercury
318,Torey,Puddefoot,tpuddefoot8t@ted.com,Mercedes-Benz
319,Zorina,Chipman,zchipman8u@weebly.com,Toyota
320,Buddie,Hedau,bhedau8v@qq.com,Lexus
321,Laurie,Blabie,lblabie8w@mozilla.com,Pontiac
322,Tammara,Hinnerk,thinnerk8x@dyndns.org,Lexus
323,Dionisio,Veneur,dveneur8y@t-online.de,Honda
324,Lyssa,Kardos-Stowe,lkardosstowe8z@seattletimes.com,Toyota
325,Brnaba,Keane,bkeane90@blogs.com,Toyota
326,Cosetta,Zorener,czorener91@nytimes.com,Ford
327,Bertie,Recher,brecher92@abc.net.au,Ford
328,Welsh,Camden,wcamden93@simplemachines.org,Pontiac
329,Damon,McDuall,dmcduall94@yellowpages.com,Honda
330,Boyd,Feltoe,bfeltoe95@hud.gov,Nissan
331,Kristina,Hesser,khesser96@mtv.com,Lincoln
332,Lanie,Vedntyev,lvedntyev97@utexas.edu,Chrysler
333,Christina,Pisculli,cpisculli98@chron.com,Chevrolet
334,Brodie,Jagielski,bjagielski99@exblog.jp,GMC
335,Tudor,Vautier,tvautier9a@google.com,Chevrolet
336,Ivonne,Jacobs,ijacobs9b@hud.gov,Pontiac
337,Thayne,Rathborne,trathborne9c@acquirethisname.com,Chevrolet
338,Arlina,Wegman,awegman9d@tamu.edu,Pontiac
339,Maribeth,Flawn,mflawn9e@jimdo.com,Chevrolet
340,Prudence,Potell,ppotell9f@acquirethisname.com,Ford
341,Lonee,Karlsson,lkarlsson9g@blogger.com,Nissan
342,Kizzee,Jeness,kjeness9h@qq.com,Toyota
343,Tarah,Cavil,tcavil9i@slate.com,Chevrolet
344,Dud,Gyenes,dgyenes9j@mail.ru,Chevrolet
345,Clywd,Wolfers,cwolfers9k@discovery.com,GMC
346,Liesa,Ennew,lennew9l@house.gov,Dodge
347,Tiffi,Blissett,tblissett9m@ehow.com,Buick
348,Angus,Diglin,adiglin9n@opera.com,GMC
349,Sarene,Kingswood,skingswood9o@woothemes.com,Mercedes-Benz
350,Chilton,Venny,cvenny9p@photobucket.com,GMC
351,Horst,Fulle,hfulle9q@vk.com,Hyundai
352,Artus,Norbury,anorbury9r@sohu.com,Chevrolet
353,Tamar,Knightley,tknightley9s@harvard.edu,Pontiac
354,Ariela,Yarranton,ayarranton9t@issuu.com,Acura
355,Noreen,Hadigate,nhadigate9u@eventbrite.com,Mercedes-Benz
356,Dun,Raubenheimers,draubenheimers9v@usnews.com,Saab
357,Pamela,Orsay,porsay9w@webnode.com,Scion
358,Doe,Burdikin,dburdikin9x@admin.ch,Ford
359,Adolpho,Kobera,akobera9y@cbsnews.com,Lamborghini
360,Joellen,Bligh,jbligh9z@stanford.edu,Ford
361,Elyse,Stonuary,estonuarya0@discuz.net,Chevrolet
362,Shayne,Clayfield,sclayfielda1@pagesperso-orange.fr,Audi
363,Johnny,Spilsburie,jspilsburiea2@reverbnation.com,Chevrolet
364,Meta,Myers,mmyersa3@bing.com,Mercury
365,Teodoor,Tanser,ttansera4@sitemeter.com,Volvo
366,Cherin,Oganesian,coganesiana5@technorati.com,Buick
367,Inez,Khristyukhin,ikhristyukhina6@bbc.co.uk,Mitsubishi
368,Nady,Picken,npickena7@usda.gov,Lexus
369,Susy,Lackington,slackingtona8@youku.com,Ford
370,Modestine,Chamberlain,mchamberlaina9@merriam-webster.com,Mitsubishi
371,Tate,Heimann,theimannaa@photobucket.com,Chrysler
372,Reid,Capey,rcapeyab@pbs.org,Chevrolet
373,Pace,Benion,pbenionac@gov.uk,Volkswagen
374,Hamish,Suttle,hsuttlead@google.nl,Ford
375,Joyann,Schulke,jschulkeae@hhs.gov,Dodge
376,Letitia,Jullian,ljullianaf@harvard.edu,Nissan
377,Kale,Sabbatier,ksabbatierag@twitpic.com,Suzuki
378,Rudolfo,Mazillius,rmazilliusah@issuu.com,Ford
379,Iolanthe,Fearns,ifearnsai@alexa.com,Mercury
380,Cody,Bovey,cboveyaj@vkontakte.ru,Volvo
381,Nata,Fairbridge,nfairbridgeak@technorati.com,Mercedes-Benz
382,Hillel,Camilletti,hcamillettial@studiopress.com,Dodge
383,Magdalena,Waddington,mwaddingtonam@uiuc.edu,Porsche
384,Wanids,Giorgietto,wgiorgiettoan@usda.gov,Chevrolet
385,Jackie,Antonellini,jantonelliniao@so-net.ne.jp,Ford
386,Zitella,Pyson,zpysonap@lulu.com,Mazda
387,Cecil,Joliffe,cjoliffeaq@fema.gov,Nissan
388,Chloe,Brompton,cbromptonar@harvard.edu,Acura
389,Adrianne,D'Avaux,adavauxas@google.nl,Cadillac
390,Jocelyne,Methley,jmethleyat@bbc.co.uk,GMC
391,Mitch,Montier,mmontierau@usda.gov,Chrysler
392,Olia,Vedstra,ovedstraav@stanford.edu,Volvo
393,Birdie,Pirot,bpirotaw@canalblog.com,Acura
394,Noach,Skeene,nskeeneax@icio.us,Geo
395,Worden,Morison,wmorisonay@utexas.edu,Isuzu
396,Bari,Adamiak,badamiakaz@parallels.com,Mercedes-Benz
397,Tilda,Chamney,tchamneyb0@spotify.com,Volkswagen
398,Thatcher,Gilston,tgilstonb1@hc360.com,Buick
399,Janis,Bussy,jbussyb2@arstechnica.com,Honda
400,Fallon,Meeks,fmeeksb3@wisc.edu,Infiniti
401,Aurel,Blackburn,ablackburnb4@cnn.com,Pontiac
402,Nikolaus,Bliben,nblibenb5@who.int,Land Rover
403,Freda,Ackroyd,fackroydb6@xrea.com,Aston Martin
404,Lincoln,Lambal,llambalb7@craigslist.org,Volkswagen
405,Jess,Duncanson,jduncansonb8@huffingtonpost.com,Toyota
406,Gunar,Gipps,ggippsb9@latimes.com,Lotus
407,Sayre,Tuxill,stuxillba@hubpages.com,Hyundai
408,Nonna,Lindsell,nlindsellbb@adobe.com,Suzuki
409,Caye,Climie,cclimiebc@nhs.uk,Mazda
410,Laurie,Lamanby,llamanbybd@telegraph.co.uk,Dodge
411,Pauly,Ferrey,pferreybe@gravatar.com,Daewoo
412,Stillmann,Weber,sweberbf@upenn.edu,Suzuki
413,Lenna,Dunridge,ldunridgebg@aol.com,Mazda
414,Jenn,Crosser,jcrosserbh@shop-pro.jp,Toyota
415,Barnie,Elie,beliebi@patch.com,Mercury
416,Shandie,Venditti,svendittibj@ftc.gov,Mitsubishi
417,Kayne,Megroff,kmegroffbk@woothemes.com,Land Rover
418,Deane,Probbing,dprobbingbl@chicagotribune.com,Mercedes-Benz
419,Karia,Axelby,kaxelbybm@amazonaws.com,Audi
420,Crystal,Yakov,cyakovbn@hao123.com,Mercedes-Benz
421,Cesar,Al Hirsi,calhirsibo@reddit.com,Lamborghini
422,Gayelord,Wollaston,gwollastonbp@unblog.fr,BMW
423,Tremayne,Hobden,thobdenbq@weibo.com,Lotus
424,Tiertza,Kilmister,tkilmisterbr@bbc.co.uk,Volkswagen
425,Melvin,Bernardino,mbernardinobs@nature.com,Chevrolet
426,Agretha,Dodding,adoddingbt@uol.com.br,Subaru
427,Zeke,Kobisch,zkobischbu@bloglines.com,Saturn
428,Twila,Burghill,tburghillbv@unc.edu,Plymouth
429,Obie,Buxcey,obuxceybw@mlb.com,Hyundai
430,Carter,Minards,cminardsbx@livejournal.com,Buick
431,Lydia,Trembath,ltrembathby@networkadvertising.org,Honda
432,Caprice,Keedy,ckeedybz@51.la,Ford
433,Katy,Mearing,kmearingc0@paypal.com,Chevrolet
434,Micah,Fawke,mfawkec1@chronoengine.com,Buick
435,Alanna,Rudram,arudramc2@dedecms.com,Acura
436,Adams,Doudny,adoudnyc3@skyrock.com,Ford
437,Ameline,Dewick,adewickc4@tinypic.com,Toyota
438,Kellia,Prandini,kprandinic5@senate.gov,Buick
439,Malena,LeEstut,mleestutc6@alexa.com,Volkswagen
440,Aindrea,Kausche,akauschec7@paypal.com,Buick
441,Isaak,Till,itillc8@angelfire.com,Dodge
442,Frankie,Saffell,fsaffellc9@shinystat.com,Volkswagen
443,Justinian,Penkman,jpenkmanca@livejournal.com,Volkswagen
444,Nikki,Gookes,ngookescb@icq.com,Chevrolet
445,Karyl,Adlard,kadlardcc@apple.com,Chevrolet
446,Rosaline,Dukesbury,rdukesburycd@blogs.com,Nissan
447,Rebekkah,Brizland,rbrizlandce@photobucket.com,Honda
448,Hertha,Ephson,hephsoncf@google.cn,Porsche
449,Wilow,Lamp,wlampcg@com.com,Mitsubishi
450,Mellisent,Korneichik,mkorneichikch@dropbox.com,Oldsmobile
451,Tamara,Cranton,tcrantonci@seattletimes.com,Kia
452,Thom,Warre,twarrecj@comcast.net,Mitsubishi
453,Matilda,Coleiro,mcoleirock@yale.edu,Porsche
454,Kile,Sherratt,ksherrattcl@lulu.com,Subaru
455,Car,Jeanesson,cjeanessoncm@mac.com,Saab
456,Anallese,Strettell,astrettellcn@marriott.com,Mercedes-Benz
457,Julia,Comino,jcominoco@devhub.com,Dodge
458,Germain,Turmall,gturmallcp@dell.com,BMW
459,Deanna,Schirach,dschirachcq@gmpg.org,Dodge
460,Lynde,Tague,ltaguecr@sciencedaily.com,Chevrolet
461,Tobie,Smartman,tsmartmancs@ucsd.edu,Toyota
462,Terrie,Auston,taustonct@ed.gov,Ferrari
463,Ana,Gurry,agurrycu@tripadvisor.com,Subaru
464,Madelle,Shakelade,mshakeladecv@purevolume.com,Volvo
465,Ursula,Painswick,upainswickcw@mysql.com,Chevrolet
466,Luca,Vasilyevski,lvasilyevskicx@seesaa.net,Volkswagen
467,Ernaline,Vicarey,evicareycy@goo.ne.jp,Mercury
468,Jonie,Kordovani,jkordovanicz@paypal.com,Chevrolet
469,Moreen,Overnell,movernelld0@admin.ch,Ford
470,Sterling,McNelly,smcnellyd1@uol.com.br,Mitsubishi
471,Emmit,Dunster,edunsterd2@mashable.com,Volvo
472,Bernete,Willman,bwillmand3@psu.edu,Buick
473,Pippa,Sporgeon,psporgeond4@answers.com,Audi
474,Hart,Coke,hcoked5@1und1.de,Mitsubishi
475,Elsie,Stormes,estormesd6@accuweather.com,Volkswagen
476,Quill,Birdfield,qbirdfieldd7@ovh.net,Toyota
477,Annnora,Jzhakov,ajzhakovd8@samsung.com,Lexus
478,Mavra,Yeld,myeldd9@hugedomains.com,Ford
479,Auria,Davinet,adavinetda@blogger.com,Mercedes-Benz
480,Brianna,Goodridge,bgoodridgedb@foxnews.com,Pontiac
481,Modesty,Kubalek,mkubalekdc@reference.com,Toyota
482,Anthe,Sheather,asheatherdd@go.com,Jaguar
483,Vikki,Springham,vspringhamde@live.com,Buick
484,Sadella,Rowcastle,srowcastledf@wp.com,Buick
485,Diahann,Teas,dteasdg@aol.com,Pontiac
486,Merrilee,Ivell,mivelldh@hibu.com,Bentley
487,Ainslie,Rubartelli,arubartellidi@census.gov,Chevrolet
488,Marla,Yexley,myexleydj@bandcamp.com,Volkswagen
489,Samuel,Mertin,smertindk@constantcontact.com,Porsche
490,Mendie,Anwyl,manwyldl@nsw.gov.au,Buick
491,Yettie,Valentinetti,yvalentinettidm@apple.com,Isuzu
492,Teodorico,Maffione,tmaffionedn@blinklist.com,Mitsubishi
493,Clarabelle,Ciardo,cciardodo@soundcloud.com,Mitsubishi
494,Anabelle,Mease,ameasedp@cam.ac.uk,Volvo
495,Durante,Askaw,daskawdq@multiply.com,Fairthorpe
496,Bird,Sweetman,bsweetmandr@washington.edu,Mercury
497,Queenie,Cumberledge,qcumberledgeds@amazonaws.com,Plymouth
498,Lottie,Gossage,lgossagedt@chronoengine.com,Oldsmobile
499,Corey,Maken,cmakendu@indiatimes.com,Toyota
500,Dari,Isham,dishamdv@sohu.com,Pontiac
501,Agosto,Holtum,aholtumdw@businesswire.com,Pontiac
502,Fulton,Roxburch,froxburchdx@cbslocal.com,Mitsubishi
503,Devlin,Ruddoch,druddochdy@pbs.org,Chevrolet
504,Torin,Eneas,teneasdz@a8.net,Audi
505,Brent,Lowrey,blowreye0@tinypic.com,Mazda
506,Vanya,Sein,vseine1@ibm.com,Mercury
507,Karlen,Huleatt,khuleatte2@elegantthemes.com,Chevrolet
508,Townsend,Kobiela,tkobielae3@huffingtonpost.com,Volkswagen
509,Ewell,Franceschielli,efranceschiellie4@uol.com.br,Suzuki
510,Verine,Ludovici,vludovicie5@dmoz.org,BMW
511,Hy,Pinnington,hpinningtone6@rediff.com,Audi
512,Harris,Dundredge,hdundredgee7@chronoengine.com,Chevrolet
513,Veronike,Habbijam,vhabbijame8@simplemachines.org,Volkswagen
514,Ellwood,Glackin,eglackine9@eventbrite.com,Mitsubishi
515,Kaja,Conyer,kconyerea@icio.us,Subaru
516,Meggie,Domanski,mdomanskieb@gnu.org,Ford
517,Roselle,Lightbourn,rlightbournec@seesaa.net,Alfa Romeo
518,Lisetta,Baunton,lbauntoned@meetup.com,Chevrolet
519,Aldis,Gutsell,agutsellee@oracle.com,Chevrolet
520,Leola,Scarman,lscarmanef@huffingtonpost.com,BMW
521,Vanny,Friar,vfriareg@barnesandnoble.com,Mercury
522,Olivia,Hesse,ohesseeh@g.co,Lexus
523,Britney,Cornall,bcornallei@homestead.com,Buick
524,Wendy,McGray,wmcgrayej@ameblo.jp,Toyota
525,Alvan,Millthorpe,amillthorpeek@shareasale.com,Infiniti
526,Anna-diane,Mehaffey,amehaffeyel@paginegialle.it,Volkswagen
527,Aurelia,Worgen,aworgenem@pcworld.com,Mazda
528,Pet,Congreave,pcongreaveen@amazon.com,Ford
529,Nessy,Dragge,ndraggeeo@yahoo.co.jp,Dodge
530,Evelyn,Tarren,etarrenep@deliciousdays.com,Chrysler
531,Dallas,Nolot,dnoloteq@kickstarter.com,BMW
532,Roddie,Hellens,rhellenser@si.edu,Ford
533,Jody,Ellett,jellettes@nih.gov,Kia
534,Ashia,Di Giorgio,adigiorgioet@google.de,Acura
535,Nilson,Simon,nsimoneu@deliciousdays.com,Subaru
536,Alvan,Waumsley,awaumsleyev@ucsd.edu,Ford
537,Francene,Babe,fbabeew@amazon.de,Ford
538,Morgana,Avramov,mavramovex@boston.com,Mazda
539,Eal,Gateland,egatelandey@state.gov,Kia
540,Kimble,Simkin,ksimkinez@techcrunch.com,Toyota
541,Henry,Mangeon,hmangeonf0@cloudflare.com,Mitsubishi
542,Kellina,Nezey,knezeyf1@businesswire.com,Ford
543,Cynthea,Blackwood,cblackwoodf2@adobe.com,Acura
544,Trudey,Alvis,talvisf3@nationalgeographic.com,Dodge
545,Wynnie,Aldridge,waldridgef4@google.com.hk,Pontiac
546,Anabella,Mogey,amogeyf5@time.com,Chevrolet
547,Callean,Halbord,chalbordf6@spiegel.de,Pontiac
548,Craggy,De Vaar,cdevaarf7@symantec.com,Ford
549,Walther,Bafford,wbaffordf8@google.com.au,Ford
550,Gwenette,Novak,gnovakf9@scribd.com,Porsche
551,Guthry,Dauber,gdauberfa@sbwire.com,Chevrolet
552,Glyn,Syplus,gsyplusfb@comsenz.com,Volvo
553,Sigfrid,Chesser,schesserfc@4shared.com,Mercedes-Benz
554,Sibyl,Bemand,sbemandfd@myspace.com,Lexus
555,Sunny,Farren,sfarrenfe@fema.gov,Mazda
556,Willi,Hadlington,whadlingtonff@nih.gov,Porsche
557,Auroora,Woodyeare,awoodyearefg@addthis.com,Volkswagen
558,Honoria,Ingamells,hingamellsfh@msu.edu,Lexus
559,Livvie,Fusedale,lfusedalefi@jimdo.com,Chevrolet
560,Ardra,Mattack,amattackfj@illinois.edu,GMC
561,Brigham,Ratt,brattfk@creativecommons.org,Saab
562,Doy,Kennifick,dkennifickfl@yellowbook.com,Chevrolet
563,Cordula,McClosh,cmccloshfm@123-reg.co.uk,Hyundai
564,Lainey,Horsefield,lhorsefieldfn@nba.com,Isuzu
565,Gianni,De Beauchamp,gdebeauchampfo@jalbum.net,Mitsubishi
566,Tibold,Schistl,tschistlfp@eventbrite.com,GMC
567,Chrysa,Upwood,cupwoodfq@xinhuanet.com,Ford
568,Cristine,Cowhig,ccowhigfr@list-manage.com,GMC
569,Josefa,McMennum,jmcmennumfs@last.fm,Honda
570,Diena,Itscowicz,ditscowiczft@imgur.com,Pontiac
571,Sybyl,Harrild,sharrildfu@is.gd,Nissan
572,Elden,Gayther,egaytherfv@comcast.net,Subaru
573,Katuscha,Bundy,kbundyfw@gnu.org,Volkswagen
574,Augy,Evennett,aevennettfx@behance.net,Ford
575,Marni,Camoys,mcamoysfy@ted.com,Audi
576,Dunn,Sandry,dsandryfz@feedburner.com,Volvo
577,Findley,Coye,fcoyeg0@yolasite.com,Toyota
578,Sully,Caplan,scaplang1@shareasale.com,Mazda
579,Nicolas,Leatherland,nleatherlandg2@cmu.edu,Ford
580,Elisha,Cayley,ecayleyg3@google.it,Ford
581,Issy,Britee,ibriteeg4@buzzfeed.com,Toyota
582,Benedick,Corden,bcordeng5@toplist.cz,Chevrolet
583,Mel,Bayfield,mbayfieldg6@wired.com,Mitsubishi
584,Bailey,Bohl,bbohlg7@hugedomains.com,Subaru
585,Linnie,Dagleas,ldagleasg8@meetup.com,Mercedes-Benz
586,Antonia,Wharram,awharramg9@mail.ru,Hyundai
587,Clevey,Ciccerale,ccicceralega@homestead.com,BMW
588,Lissy,Humburton,lhumburtongb@smh.com.au,Ford
589,Aubrette,Ambrozewicz,aambrozewiczgc@omniture.com,Jaguar
590,Shandee,Chable,schablegd@zdnet.com,Toyota
591,Aldin,Jedrys,ajedrysge@ocn.ne.jp,BMW
592,Leeanne,Skurray,lskurraygf@wisc.edu,Pontiac
593,Christian,Hallagan,challagangg@infoseek.co.jp,Dodge
594,Krishnah,Erdely,kerdelygh@photobucket.com,Ford
595,Linnea,Braycotton,lbraycottongi@house.gov,Buick
596,Donni,Westrope,dwestropegj@typepad.com,Chevrolet
597,Nichol,Plampeyn,nplampeyngk@infoseek.co.jp,Pontiac
598,Augustine,Draijer,adraijergl@google.com,Oldsmobile
599,Tonnie,Turneux,tturneuxgm@shinystat.com,Mercedes-Benz
600,Ara,Soanes,asoanesgn@com.com,Chevrolet
601,Petronia,Krier,pkriergo@xinhuanet.com,Pontiac
602,Cornelle,Vearncomb,cvearncombgp@senate.gov,Chevrolet
603,Terrell,Leech,tleechgq@fema.gov,Honda
604,Rana,Pesterfield,rpesterfieldgr@dedecms.com,Chrysler
605,Doro,Grills,dgrillsgs@friendfeed.com,Chrysler
606,Perry,Dakhno,pdakhnogt@hao123.com,Chevrolet
607,Rutherford,Howselee,rhowseleegu@buzzfeed.com,Chevrolet
608,Dorothy,Domenget,ddomengetgv@utexas.edu,Volvo
609,Bird,Heistermann,bheistermanngw@alexa.com,Toyota
610,Traci,Janku,tjankugx@comsenz.com,GMC
611,Anjela,McConville,amcconvillegy@creativecommons.org,Toyota
612,Selby,Sircombe,ssircombegz@ovh.net,Cadillac
613,Dyann,Skains,dskainsh0@techcrunch.com,Land Rover
614,Wolfy,Trickey,wtrickeyh1@abc.net.au,Toyota
615,Aubry,Eliyahu,aeliyahuh2@npr.org,Isuzu
616,Shelbi,Kivelle,skivelleh3@desdev.cn,Mitsubishi
617,Marlin,Scarsbrook,mscarsbrookh4@techcrunch.com,Land Rover
618,Madge,Bessett,mbessetth5@youtube.com,BMW
619,Fifine,Stamp,fstamph6@ask.com,Nissan
620,Packston,Perree,pperreeh7@sciencedirect.com,Volkswagen
621,Legra,Summons,lsummonsh8@macromedia.com,Dodge
622,Vicky,Dreschler,vdreschlerh9@w3.org,GMC
623,Monte,Inggall,minggallha@de.vu,Dodge
624,Zsazsa,Cordeiro,zcordeirohb@vkontakte.ru,Chevrolet
625,Montague,Oglethorpe,moglethorpehc@umn.edu,Volkswagen
626,Deloris,Sebert,dseberthd@amazonaws.com,Mercedes-Benz
627,Simmonds,Bartholat,sbartholathe@mashable.com,Toyota
628,Alyss,Willman,awillmanhf@acquirethisname.com,Chevrolet
629,Gabe,Cathrall,gcathrallhg@ameblo.jp,Buick
630,Peggie,O'Reilly,poreillyhh@wired.com,Honda
631,Rogers,Shrive,rshrivehi@imdb.com,Ford
632,Denys,Mouat,dmouathj@unesco.org,Mercury
633,Lesley,Basezzi,lbasezzihk@reddit.com,Mazda
634,Fanya,Igoe,figoehl@vistaprint.com,Dodge
635,Marcello,Malyon,mmalyonhm@apache.org,Suzuki
636,Cybil,Varns,cvarnshn@scribd.com,Daewoo
637,Mil,Klimp,mklimpho@theglobeandmail.com,Cadillac
638,Nolie,Impey,nimpeyhp@walmart.com,Dodge
639,Dallas,Mee,dmeehq@biglobe.ne.jp,Ford
640,Loralee,Tilling,ltillinghr@google.com.hk,Land Rover
641,Chandra,Housbey,chousbeyhs@multiply.com,Isuzu
642,Effie,Borton,ebortonht@ebay.co.uk,Oldsmobile
643,Enos,Khalid,ekhalidhu@indiatimes.com,Mitsubishi
644,Gery,Waliszek,gwaliszekhv@scribd.com,Volvo
645,Gannie,Gallo,ggallohw@house.gov,Mitsubishi
646,Saxe,Hurring,shurringhx@example.com,Hyundai
647,Isis,Huttley,ihuttleyhy@ebay.co.uk,Volkswagen
648,Trev,Presdie,tpresdiehz@typepad.com,Chrysler
649,Cecile,Gillespey,cgillespeyi0@goo.gl,Ford
650,Des,Postians,dpostiansi1@cdc.gov,Mazda
651,Roger,Langmaid,rlangmaidi2@blogger.com,Chevrolet
652,Fitzgerald,Stanbridge,fstanbridgei3@imdb.com,Mercedes-Benz
653,Dinnie,Peacher,dpeacheri4@pinterest.com,Lotus
654,Adan,Nangle,ananglei5@nba.com,Toyota
655,Franklin,Gorghetto,fgorghettoi6@creativecommons.org,Pontiac
656,Rubina,Holligan,rholligani7@springer.com,GMC
657,Sherwin,Mullarkey,smullarkeyi8@tripadvisor.com,Ford
658,Maynord,Carnaman,mcarnamani9@purevolume.com,Ford
659,Tabby,Pilfold,tpilfoldia@bbb.org,Mitsubishi
660,Jillie,Mardell,jmardellib@wp.com,Toyota
661,Kevon,Dumpleton,kdumpletonic@wunderground.com,Kia
662,Thadeus,Kelshaw,tkelshawid@mediafire.com,Bentley
663,Lauraine,Keggin,lkegginie@friendfeed.com,Dodge
664,Brianne,Marklin,bmarklinif@toplist.cz,Mazda
665,Wilden,Lambregts,wlambregtsig@mit.edu,Mercury
666,Jonathon,Marchington,jmarchingtonih@nymag.com,Buick
667,Hilary,Kield,hkieldii@google.de,Spyker
668,Jemmy,Mardle,jmardleij@e-recht24.de,Pontiac
669,Jory,Kacheler,jkachelerik@yolasite.com,Chrysler
670,Otes,Dunsford,odunsfordil@elpais.com,Lexus
671,Austina,Dadds,adaddsim@chron.com,Volkswagen
672,Rab,Shackel,rshackelin@mozilla.org,Pontiac
673,Barbee,Guittet,bguittetio@state.gov,Lexus
674,Gabriel,Lonnon,glonnonip@bandcamp.com,Dodge
675,Arlen,Endley,aendleyiq@mozilla.com,Honda
676,Quincey,Housego,qhousegoir@psu.edu,Mazda
677,Gardener,Bikker,gbikkeris@wikia.com,Acura
678,Luz,Anthonies,lanthoniesit@stumbleupon.com,Ford
679,Tomlin,Burfoot,tburfootiu@craigslist.org,BMW
680,Stefano,Grenshiels,sgrenshielsiv@topsy.com,Ford
681,Burnard,Stood,bstoodiw@storify.com,Mercedes-Benz
682,Elvis,Gallone,egalloneix@washington.edu,Mercedes-Benz
683,Tailor,Tratton,ttrattoniy@ca.gov,BMW
684,Florella,Shields,fshieldsiz@fastcompany.com,Buick
685,Ania,Castagnone,acastagnonej0@deviantart.com,Subaru
686,Trent,Lenaghen,tlenaghenj1@trellian.com,Mazda
687,Pavlov,Scotchmor,pscotchmorj2@sina.com.cn,Chevrolet
688,Peggie,Van Vuuren,pvanvuurenj3@wikispaces.com,Mazda
689,Menard,Hutten,mhuttenj4@google.nl,Chevrolet
690,Rustie,Pinnere,rpinnerej5@friendfeed.com,Bentley
691,Stace,Bailess,sbailessj6@hubpages.com,Geo
692,Josh,Cazereau,jcazereauj7@independent.co.uk,Dodge
693,Colin,Lanfranchi,clanfranchij8@desdev.cn,Chrysler
694,Caldwell,Dukesbury,cdukesburyj9@sourceforge.net,Oldsmobile
695,Ardelis,Wyldbore,awyldboreja@mediafire.com,GMC
696,Moore,Clampton,mclamptonjb@time.com,Isuzu
697,Johnette,Gatcliff,jgatcliffjc@mashable.com,Pontiac
698,Adel,Cruddas,acruddasjd@mac.com,Acura
699,Shaun,Tarbert,starbertje@blogs.com,GMC
700,Pincas,Di Biaggi,pdibiaggijf@biblegateway.com,Ford
701,Kirsti,Feeley,kfeeleyjg@nsw.gov.au,Pontiac
702,Enrico,Monson,emonsonjh@cnn.com,Oldsmobile
703,Candis,Lefort,clefortji@livejournal.com,Lexus
704,Denny,Gowers,dgowersjj@paypal.com,Audi
705,Damita,Grenshields,dgrenshieldsjk@goo.gl,BMW
706,Daisey,Boast,dboastjl@rambler.ru,Kia
707,Giuditta,McIntosh,gmcintoshjm@engadget.com,Volkswagen
708,Milton,Bernadot,mbernadotjn@vkontakte.ru,Hyundai
709,Danyelle,Husbands,dhusbandsjo@reuters.com,Hyundai
710,Torry,Abbett,tabbettjp@google.ca,Chevrolet
711,Charleen,Scrauniage,cscrauniagejq@shutterfly.com,Toyota
712,Shay,Cousen,scousenjr@sciencedirect.com,Acura
713,Terri-jo,Loxley,tloxleyjs@seesaa.net,Oldsmobile
714,Bard,Harsant,bharsantjt@yahoo.com,Cadillac
715,Jeffry,Bakhrushkin,jbakhrushkinju@ucla.edu,BMW
716,Ardyth,Ensley,aensleyjv@ask.com,Hyundai
717,Dimitri,Sprulls,dsprullsjw@hc360.com,Porsche
718,Kora,Barfoot,kbarfootjx@cam.ac.uk,Pontiac
719,Winthrop,Pengilley,wpengilleyjy@hao123.com,Chevrolet
720,Merrill,Cloy,mcloyjz@gravatar.com,Jaguar
721,Parry,Lamba,plambak0@istockphoto.com,Chevrolet
722,Friedrick,Banat,fbanatk1@microsoft.com,Hyundai
723,Pace,Mannie,pmanniek2@aboutads.info,Pontiac
724,Barrie,O'Kennavain,bokennavaink3@wordpress.com,Lincoln
725,Cristiano,Lowsely,clowselyk4@marriott.com,Hyundai
726,Carie,Gundrey,cgundreyk5@php.net,Ford
727,Lori,Boriston,lboristonk6@ifeng.com,Mercedes-Benz
728,Melodie,Florey,mfloreyk7@myspace.com,Ford
729,Rozella,Ellams,rellamsk8@java.com,Honda
730,Spense,Tenniswood,stenniswoodk9@issuu.com,Hyundai
731,Regan,Hallgate,rhallgateka@posterous.com,Subaru
732,Salim,Flade,sfladekb@is.gd,GMC
733,Mendel,Chaytor,mchaytorkc@myspace.com,Mitsubishi
734,Carmela,Horbath,chorbathkd@psu.edu,Subaru
735,Riobard,Paolinelli,rpaolinellike@shutterfly.com,GMC
736,Anatola,Nealand,anealandkf@imgur.com,MINI
737,Domenico,Ivic,divickg@washingtonpost.com,Suzuki
738,Leland,McLugaish,lmclugaishkh@google.fr,Chevrolet
739,Kaylyn,Rosewarne,krosewarneki@google.com.au,GMC
740,Nicoli,Carlile,ncarlilekj@webnode.com,Bentley
741,Stanislas,Tilne,stilnekk@nba.com,Suzuki
742,Susy,Benthall,sbenthallkl@discuz.net,Volkswagen
743,Dorry,Pesterfield,dpesterfieldkm@goodreads.com,Lincoln
744,Elli,Littledyke,elittledykekn@youtube.com,Cadillac
745,Ola,Fontes,ofontesko@dagondesign.com,Audi
746,Wendi,Laughren,wlaughrenkp@abc.net.au,Mitsubishi
747,Bernita,Crowcombe,bcrowcombekq@samsung.com,Lincoln
748,Marlie,McColley,mmccolleykr@tinypic.com,Oldsmobile
749,Gaston,Wethey,gwetheyks@chronoengine.com,Audi
750,Marsh,Vitall,mvitallkt@deviantart.com,Acura
751,Eran,Gettings,egettingsku@dyndns.org,Chrysler
752,Lesly,Thurborn,lthurbornkv@time.com,Nissan
753,Thacher,Flanne,tflannekw@merriam-webster.com,Ford
754,Theresita,Shawell,tshawellkx@google.com.br,Lexus
755,Dorri,Cratchley,dcratchleyky@sitemeter.com,GMC
756,Ange,Follis,afolliskz@howstuffworks.com,Kia
757,Lari,Brimmell,lbrimmelll0@merriam-webster.com,Buick
758,Freemon,Richardot,frichardotl1@noaa.gov,Bentley
759,Lyell,Haskew,lhaskewl2@unblog.fr,Honda
760,Fredek,Currm,fcurrml3@msn.com,Mitsubishi
761,Merl,Brydie,mbrydiel4@blogs.com,Mercedes-Benz
762,Hulda,Hurlston,hhurlstonl5@ucsd.edu,Suzuki
763,Bink,Rosenbush,brosenbushl6@nba.com,Hyundai
764,Gilbertina,Jedras,gjedrasl7@wikispaces.com,Audi
765,Biddy,Beckey,bbeckeyl8@dailymail.co.uk,BMW
766,Danila,Youtead,dyouteadl9@google.co.uk,Kia
767,Errick,Grassi,egrassila@disqus.com,Mercury
768,Marlon,Lumbley,mlumbleylb@google.pl,Ferrari
769,Hunfredo,Rany,hranylc@ca.gov,GMC
770,Darb,Bickle,dbickleld@guardian.co.uk,Buick
771,Shalne,Gabotti,sgabottile@cyberchimps.com,Mitsubishi
772,Kerrin,Innman,kinnmanlf@sourceforge.net,Aston Martin
773,Morton,Hulcoop,mhulcooplg@wordpress.org,GMC
774,Betteann,Gouthier,bgouthierlh@csmonitor.com,Toyota
775,Oralie,Cokly,ocoklyli@google.com.au,Acura
776,Trisha,Ramet,trametlj@deliciousdays.com,Chevrolet
777,Tymothy,Blaker,tblakerlk@e-recht24.de,Suzuki
778,Doll,Bowe,dbowell@senate.gov,Isuzu
779,Gabi,Harroway,gharrowaylm@bloglovin.com,Scion
780,Cloris,Pocock,cpocockln@yellowbook.com,Pontiac
781,Binky,Rattry,brattrylo@dailymotion.com,Cadillac
782,Gerhard,Marcinkowski,gmarcinkowskilp@ask.com,Lexus
783,Elicia,Lightollers,elightollerslq@paypal.com,GMC
784,Griffy,Pilsbury,gpilsburylr@cpanel.net,Volkswagen
785,Nealy,Houchen,nhouchenls@amazonaws.com,Nissan
786,Eirena,Baseggio,ebaseggiolt@list-manage.com,Mercury
787,Koralle,Durdy,kdurdylu@howstuffworks.com,Land Rover
788,Bald,Gooden,bgoodenlv@cmu.edu,Hyundai
789,Kaja,Hablet,khabletlw@jugem.jp,Mazda
790,Anthe,Soule,asoulelx@reuters.com,Lincoln
791,Lilias,De Malchar,ldemalcharly@ning.com,Smart
792,Joshua,Sibbit,jsibbitlz@hugedomains.com,Jeep
793,Baxie,Wanklin,bwanklinm0@cam.ac.uk,Volkswagen
794,Jason,Di Ruggiero,jdiruggierom1@microsoft.com,Dodge
795,Andee,Pearch,apearchm2@jugem.jp,Subaru
796,Dare,Queenborough,dqueenboroughm3@scribd.com,Acura
797,Elfie,Whellans,ewhellansm4@people.com.cn,Mazda
798,Nikola,Beernt,nbeerntm5@reverbnation.com,Chevrolet
799,Kara-lynn,Hargreaves,khargreavesm6@fema.gov,Cadillac
800,Benedikt,Manon,bmanonm7@paginegialle.it,Cadillac
801,Carol,Bownde,cbowndem8@zdnet.com,Chevrolet
802,Ketty,Andres,kandresm9@upenn.edu,Buick
803,Baxy,Mapholm,bmapholmma@reverbnation.com,Chevrolet
804,Rita,Taffee,rtaffeemb@wsj.com,Lincoln
805,Frederigo,Willets,fwilletsmc@goo.gl,Audi
806,Onida,Fermor,ofermormd@sitemeter.com,Lincoln
807,Farra,Chalmers,fchalmersme@webs.com,Volvo
808,Dodie,Whitebrook,dwhitebrookmf@myspace.com,Toyota
809,Roseanne,Blackly,rblacklymg@dedecms.com,Mercury
810,Gerik,Raggett,graggettmh@shinystat.com,Toyota
811,Edmon,Orrocks,eorrocksmi@ihg.com,BMW
812,Erwin,Gamage,egamagemj@cafepress.com,Pontiac
813,Sherman,Thornton-Dewhirst,sthorntondewhirstmk@icio.us,Subaru
814,Maurice,Mixhel,mmixhelml@cdc.gov,Chrysler
815,Clare,Danilovich,cdanilovichmm@ask.com,Chevrolet
816,Desmond,Cosham,dcoshammn@mtv.com,Ford
817,Babette,Vint,bvintmo@yahoo.com,GMC
818,Randall,Tilliards,rtilliardsmp@google.fr,GMC
819,Nickola,Eby,nebymq@ebay.com,Mercury
820,Arlee,Castiello,acastiellomr@furl.net,Ford
821,Carlota,Fardy,cfardyms@amazonaws.com,Mercury
822,Jaye,Higgoe,jhiggoemt@edublogs.org,Land Rover
823,Tad,Moehle,tmoehlemu@plala.or.jp,Lincoln
824,Archy,Towhey,atowheymv@mysql.com,Nissan
825,Burch,Burge,bburgemw@mayoclinic.com,Chevrolet
826,Flor,Overshott,fovershottmx@addtoany.com,Plymouth
827,Pincas,Vinall,pvinallmy@theatlantic.com,Volkswagen
828,Sarene,Callister,scallistermz@bing.com,Mitsubishi
829,Nicol,Cortin,ncortinn0@chron.com,Acura
830,Willie,Le Sieur,wlesieurn1@sciencedaily.com,Mazda
831,Berk,Ouver,bouvern2@princeton.edu,Toyota
832,Kirstin,Fawlo,kfawlon3@tinypic.com,Bentley
833,Roley,Coulbeck,rcoulbeckn4@youtube.com,Ford
834,Cacilie,Vear,cvearn5@indiegogo.com,Porsche
835,Niels,Debnam,ndebnamn6@prlog.org,Acura
836,Germain,Gruszecki,ggruszeckin7@google.com.br,Mercury
837,Adlai,Zack,azackn8@tripadvisor.com,Saab
838,Wally,Litchfield,wlitchfieldn9@salon.com,Maybach
839,Anabal,Pengelley,apengelleyna@ning.com,Infiniti
840,Christian,Karpf,ckarpfnb@adobe.com,Chevrolet
841,Peg,Pietrasik,ppietrasiknc@devhub.com,Dodge
842,Myranda,Whitter,mwhitternd@flickr.com,BMW
843,Marcellus,O'dell,modellne@ezinearticles.com,Subaru
844,Lilith,Sings,lsingsnf@bing.com,Hummer
845,Ly,Bergen,lbergenng@umn.edu,Mercury
846,Alexandre,Duffield,aduffieldnh@homestead.com,Geo
847,Bastien,Dewett,bdewettni@unesco.org,GMC
848,Kassey,Burnet,kburnetnj@g.co,Lexus
849,Abbie,Ivantsov,aivantsovnk@nsw.gov.au,Kia
850,Dallis,Looney,dlooneynl@sina.com.cn,Aston Martin
851,Berrie,Carlin,bcarlinnm@opera.com,Toyota
852,Gabriela,Maccrea,gmaccreann@house.gov,Infiniti
853,Carolynn,Devaney,cdevaneyno@epa.gov,Porsche
854,Berton,Pryn,bprynnp@tripod.com,Subaru
855,Giacopo,Puttrell,gputtrellnq@cmu.edu,GMC
856,Erin,Vasyukhichev,evasyukhichevnr@nba.com,Audi
857,Bertie,Lutman,blutmanns@digg.com,Lexus
858,Randy,Iddison,riddisonnt@independent.co.uk,Plymouth
859,Gerhard,Boocock,gboococknu@google.it,Chevrolet
860,Clarette,Ivery,civerynv@bloomberg.com,Ford
861,Xena,Sedgemore,xsedgemorenw@google.nl,Chevrolet
862,Julietta,Groll,jgrollnx@who.int,Ford
863,Jerome,Gallacher,jgallacherny@imgur.com,Mazda
864,Rriocard,Anchor,ranchornz@webmd.com,Bentley
865,Barth,Telega,btelegao0@admin.ch,Jeep
866,Valaree,MacMearty,vmacmeartyo1@topsy.com,Ford
867,Harris,Dargan,hdargano2@cdc.gov,Lotus
868,Nola,Bampford,nbampfordo3@hp.com,Ford
869,Juan,Dienes,jdieneso4@tripadvisor.com,Buick
870,Sargent,Rozier,sroziero5@liveinternet.ru,Volkswagen
871,Robena,Kytter,rkyttero6@mozilla.org,Ford
872,Mirabel,Robe,mrobeo7@goo.ne.jp,GMC
873,Gabby,Charlick,gcharlicko8@gizmodo.com,Mazda
874,Luella,Pink,lpinko9@paginegialle.it,Chevrolet
875,Denna,Polini,dpolinioa@cyberchimps.com,Dodge
876,Zedekiah,Moroney,zmoroneyob@smh.com.au,Volkswagen
877,Lark,Canham,lcanhamoc@nydailynews.com,Volkswagen
878,Shelley,Kopfer,skopferod@cbslocal.com,BMW
879,Culver,Philipson,cphilipsonoe@theguardian.com,GMC
880,Cullen,Davidovich,cdavidovichof@baidu.com,Chevrolet
881,Taddeusz,Tillyer,ttillyerog@msn.com,Isuzu
882,Kippie,Reeders,kreedersoh@ca.gov,Chevrolet
883,Maddie,Gloy,mgloyoi@whitehouse.gov,Chevrolet
884,Sybille,Sawell,ssawelloj@sun.com,Chevrolet
885,Gregoire,Knightsbridge,gknightsbridgeok@ucoz.ru,Porsche
886,Kelsi,Colleer,kcolleerol@sourceforge.net,Chrysler
887,Robb,Fruchter,rfruchterom@google.com.hk,Mitsubishi
888,Herc,Arons,haronson@tripod.com,Lexus
889,Kippar,Bergstrand,kbergstrandoo@seattletimes.com,Toyota
890,Rollo,Challiss,rchallissop@washington.edu,Lotus
891,Nat,Stritton,nstrittonoq@nyu.edu,Kia
892,Joellyn,Gettings,jgettingsor@1und1.de,Land Rover
893,Hildegarde,Birtchnell,hbirtchnellos@elegantthemes.com,Ford
894,Rosaline,De Maine,rdemaineot@ifeng.com,Ford
895,Ikey,Lutwidge,ilutwidgeou@pagesperso-orange.fr,Ford
896,Sumner,McMechan,smcmechanov@java.com,BMW
897,Goldie,Bodle,gbodleow@mtv.com,GMC
898,Bob,Kochs,bkochsox@bandcamp.com,Dodge
899,Verney,Ruecastle,vruecastleoy@hc360.com,Land Rover
900,Lina,Levin,llevinoz@mozilla.com,Ford
901,Obed,Angelini,oangelinip0@over-blog.com,Land Rover
902,Lorenza,Daly,ldalyp1@sfgate.com,Mercury
903,Jervis,Oleshunin,joleshuninp2@salon.com,Suzuki
904,Juliette,Flury,jfluryp3@netscape.com,Toyota
905,Laney,Vardie,lvardiep4@businessinsider.com,Ford
906,Elwira,Dionisio,edionisiop5@amazon.co.uk,Mazda
907,Norrie,Pisco,npiscop6@sun.com,Pontiac
908,Marni,Clements,mclementsp7@msn.com,Ford
909,Ortensia,Etheredge,oetheredgep8@edublogs.org,Volkswagen
910,Booth,Goby,bgobyp9@biglobe.ne.jp,BMW
911,Maurene,Spellar,mspellarpa@youtu.be,Ford
912,Bard,Rigmand,brigmandpb@marketwatch.com,Mercury
913,Clevie,Cartlidge,ccartlidgepc@artisteer.com,Ford
914,Mathe,Willavoys,mwillavoyspd@vinaora.com,Chrysler
915,Selle,Dorman,sdormanpe@whitehouse.gov,GMC
916,Kinsley,Sailes,ksailespf@un.org,Honda
917,Gordie,Vanini,gvaninipg@oaic.gov.au,Hyundai
918,Vernen,Sundin,vsundinph@google.co.uk,Buick
919,Barnard,Missington,bmissingtonpi@tripadvisor.com,Mazda
920,Barris,Reidie,breidiepj@admin.ch,Honda
921,Bernete,Rawlcliffe,brawlcliffepk@wordpress.com,Mitsubishi
922,Walden,Keoghane,wkeoghanepl@wired.com,Lexus
923,Tymon,Pinniger,tpinnigerpm@ebay.com,Mercury
924,Karel,Bridgewater,kbridgewaterpn@phpbb.com,Oldsmobile
925,Dylan,McKinstry,dmckinstrypo@va.gov,GMC
926,Netta,Farlam,nfarlampp@purevolume.com,Chevrolet
927,Palm,Kellett,pkellettpq@ask.com,Infiniti
928,Kenna,Arrowsmith,karrowsmithpr@jugem.jp,Pontiac
929,Willette,Aseef,waseefps@dot.gov,Volkswagen
930,Layney,Stathor,lstathorpt@imdb.com,Ford
931,Welbie,Scholefield,wscholefieldpu@youku.com,Mercedes-Benz
932,Helen,Tiernan,htiernanpv@squarespace.com,Chrysler
933,Frederich,Sidsaff,fsidsaffpw@elegantthemes.com,Toyota
934,Feodor,Campbell-Dunlop,fcampbelldunloppx@yahoo.co.jp,Chevrolet
935,Hy,Tristram,htristrampy@vk.com,Chevrolet
936,Karoly,Rasp,krasppz@about.com,Audi
937,Cyrill,Collar,ccollarq0@java.com,Ford
938,Art,Vlasyev,avlasyevq1@fema.gov,Honda
939,Valentina,Delamere,vdelamereq2@blogspot.com,BMW
940,Laverne,Fairbridge,lfairbridgeq3@oakley.com,Mitsubishi
941,Kamillah,Newarte,knewarteq4@yandex.ru,MINI
942,Jeremie,Kleinstein,jkleinsteinq5@gov.uk,Chevrolet
943,Dael,Danter,ddanterq6@google.ca,Lotus
944,Wilfred,Attaway,wattawayq7@yahoo.com,Pontiac
945,Alia,Linkie,alinkieq8@umich.edu,Ford
946,Sampson,Collumbell,scollumbellq9@jigsy.com,Acura
947,Mattie,Vedenyapin,mvedenyapinqa@japanpost.jp,Lexus
948,Reinold,Debold,rdeboldqb@ucsd.edu,Nissan
949,Elsinore,Fordham,efordhamqc@imdb.com,Suzuki
950,Garrett,Krzyzanowski,gkrzyzanowskiqd@spiegel.de,Daewoo
951,Ermengarde,Clement,eclementqe@etsy.com,Lexus
952,Valida,Obal,vobalqf@cocolog-nifty.com,Dodge
953,Sebastian,Maloney,smaloneyqg@1und1.de,Chevrolet
954,Anatola,Keetley,akeetleyqh@godaddy.com,Toyota
955,Eileen,Bulled,ebulledqi@tamu.edu,Dodge
956,Charlena,Stanmer,cstanmerqj@apache.org,Pontiac
957,Codi,Thornhill,cthornhillqk@wunderground.com,Chevrolet
958,Felice,Dallosso,fdallossoql@constantcontact.com,Pontiac
959,Duffy,Landreth,dlandrethqm@devhub.com,Dodge
960,Lanie,Manilo,lmaniloqn@who.int,Cadillac
961,Lucian,Balentyne,lbalentyneqo@php.net,Ford
962,Stacie,Blasgen,sblasgenqp@washingtonpost.com,Isuzu
963,Hilliary,Wyeth,hwyethqq@icio.us,Chevrolet
964,Michale,Dillway,mdillwayqr@senate.gov,GMC
965,Kaycee,Meran,kmeranqs@yellowbook.com,Chevrolet
966,Kirstyn,O'Conor,koconorqt@privacy.gov.au,Nissan
967,Sarette,Bewsy,sbewsyqu@mozilla.com,Pontiac
968,Marika,Emor,memorqv@nasa.gov,Acura
969,Halie,Seywood,hseywoodqw@businessinsider.com,Audi
970,Babette,Menere,bmenereqx@clickbank.net,Cadillac
971,Guntar,Espinas,gespinasqy@hao123.com,Pontiac
972,Kaylee,Ogdahl,kogdahlqz@bbb.org,Ford
973,Marla,Sprake,mspraker0@ox.ac.uk,GMC
974,Deena,Aurelius,daureliusr1@delicious.com,Mitsubishi
975,Giordano,Hallbird,ghallbirdr2@phpbb.com,GMC
976,Isidor,Gouthier,igouthierr3@skype.com,Scion
977,Merridie,McGaugie,mmcgaugier4@histats.com,Chevrolet
978,Crawford,Slimm,cslimmr5@ezinearticles.com,Mitsubishi
979,Corly,Heinrici,cheinricir6@thetimes.co.uk,Subaru
980,Benton,Persicke,bpersicker7@booking.com,Chevrolet
981,Peggi,Dickman,pdickmanr8@163.com,Kia
982,Laird,Margery,lmargeryr9@alibaba.com,Lexus
983,Bernie,Sabatier,bsabatierra@irs.gov,Porsche
984,Beulah,Winfindale,bwinfindalerb@posterous.com,Chevrolet
985,Nico,Green,ngreenrc@nih.gov,BMW
986,Milly,Barszczewski,mbarszczewskird@alexa.com,Acura
987,Agnesse,Cobbold,acobboldre@taobao.com,Infiniti
988,Deena,Moreno,dmorenorf@kickstarter.com,Subaru
989,Aaren,Raikes,araikesrg@cpanel.net,Chevrolet
990,Andrei,Inchbald,ainchbaldrh@intel.com,Chevrolet
991,Clarabelle,Quye,cquyeri@washingtonpost.com,Mercury
992,Weylin,Blench,wblenchrj@independent.co.uk,GMC
993,Dru,Liggett,dliggettrk@slashdot.org,Audi
994,Josie,Cartwright,jcartwrightrl@state.gov,GMC
995,Rudolf,Dametti,rdamettirm@theatlantic.com,Chevrolet
996,Rois,Connock,rconnockrn@shareasale.com,Lincoln
997,Ricardo,Jerrans,rjerransro@tinyurl.com,Mazda
998,Tull,Arunowicz,tarunowiczrp@people.com.cn,Nissan
999,Dallas,Lucian,dlucianrq@slate.com,BMW
1000,Robena,Bourgeois,rbourgeoisrr@boston.com,GMC
